"","date","U","H","F","D","B","Shape","ns"
"1","1953-04",1,0,0,0,0,"U","1"
"2","1953-05",1,0,0,0,0,"U","1"
"3","1953-06",1,0,0,0,0,"U","1"
"4","1953-07",1,0,0,0,0,"U","1"
"5","1953-08",1,0,0,0,0,"U","1"
"6","1953-09",1,0,0,0,0,"U","1"
"7","1953-10",1,0,0,0,0,"U","1"
"8","1953-11",1,0,0,0,0,"U","1"
"9","1953-12",1,0,0,0,0,"U","1"
"10","1954-01",1,0,0,0,0,"U","1"
"11","1954-02",1,0,0,0,0,"U","1"
"12","1954-03",1,0,0,0,0,"U","1"
"13","1954-04",1,0,0,0,0,"U","1"
"14","1954-05",1,0,0,0,0,"U","1"
"15","1954-06",1,0,0,0,0,"U","1"
"16","1954-07",1,0,0,0,0,"U","1"
"17","1954-08",1,0,0,0,0,"U","1"
"18","1954-09",1,0,0,0,0,"U","1"
"19","1954-10",1,0,0,0,0,"U","1"
"20","1954-11",1,0,0,0,0,"U","1"
"21","1954-12",1,0,0,0,0,"U","1"
"22","1955-01",1,0,0,0,0,"U","1"
"23","1955-02",1,0,0,0,0,"U","1"
"24","1955-03",1,0,0,0,0,"U","1"
"25","1955-04",1,0,0,0,0,"U","1"
"26","1955-05",1,0,0,0,0,"U","1"
"27","1955-06",1,0,0,0,0,"U","1"
"28","1955-07",1,0,0,0,0,"U","1"
"29","1955-08",1,0,0,0,0,"U","1"
"30","1955-09",1,0,0,0,0,"U","1"
"31","1955-10",1,0,0,0,0,"U","1"
"32","1955-11",1,0,0,0,0,"U","1"
"33","1955-12",1,0,0,0,0,"U","1"
"34","1956-01",1,0,0,0,0,"U","1"
"35","1956-02",1,0,0,0,0,"U","1"
"36","1956-03",1,0,0,0,0,"U","1"
"37","1956-04",0,1,0,0,0,"H","2"
"38","1956-05",0,1,0,0,0,"H","2"
"39","1956-06",1,0,0,0,0,"U","1"
"40","1956-07",1,0,0,0,0,"U","1"
"41","1956-08",0,1,0,0,0,"H","2"
"42","1956-09",0,1,0,0,0,"H","2"
"43","1956-10",0,1,0,0,0,"H","2"
"44","1956-11",0,1,0,0,0,"H","2"
"45","1956-12",0,1,0,0,0,"H","2"
"46","1957-01",0,0,1,0,0,"F","5"
"47","1957-02",0,0,1,0,0,"F","5"
"48","1957-03",0,0,1,0,0,"F","5"
"49","1957-04",0,0,1,0,0,"F","5"
"50","1957-05",0,1,0,0,0,"H","2"
"51","1957-06",0,1,0,0,0,"H","2"
"52","1957-07",0,1,0,0,0,"H","2"
"53","1957-08",0,0,0,1,0,"D","3"
"54","1957-09",0,0,0,1,0,"D","3"
"55","1957-10",0,1,0,0,0,"H","2"
"56","1957-11",0,1,0,0,0,"H","2"
"57","1957-12",0,0,0,0,1,"B","4"
"58","1958-01",1,0,0,0,0,"U","1"
"59","1958-02",1,0,0,0,0,"U","1"
"60","1958-03",1,0,0,0,0,"U","1"
"61","1958-04",1,0,0,0,0,"U","1"
"62","1958-05",1,0,0,0,0,"U","1"
"63","1958-06",1,0,0,0,0,"U","1"
"64","1958-07",1,0,0,0,0,"U","1"
"65","1958-08",1,0,0,0,0,"U","1"
"66","1958-09",1,0,0,0,0,"U","1"
"67","1958-10",1,0,0,0,0,"U","1"
"68","1958-11",1,0,0,0,0,"U","1"
"69","1958-12",1,0,0,0,0,"U","1"
"70","1959-01",1,0,0,0,0,"U","1"
"71","1959-02",1,0,0,0,0,"U","1"
"72","1959-03",1,0,0,0,0,"U","1"
"73","1959-04",1,0,0,0,0,"U","1"
"74","1959-05",0,1,0,0,0,"H","2"
"75","1959-06",0,1,0,0,0,"H","2"
"76","1959-07",0,1,0,0,0,"H","2"
"77","1959-08",0,1,0,0,0,"H","2"
"78","1959-09",0,0,0,1,0,"D","3"
"79","1959-10",0,0,0,1,0,"D","3"
"80","1959-11",0,0,0,1,0,"D","3"
"81","1959-12",0,0,0,1,0,"D","3"
"82","1960-01",0,0,0,1,0,"D","3"
"83","1960-02",0,1,0,0,0,"H","2"
"84","1960-03",0,1,0,0,0,"H","2"
"85","1960-04",0,1,0,0,0,"H","2"
"86","1960-05",0,1,0,0,0,"H","2"
"87","1960-06",1,0,0,0,0,"U","1"
"88","1960-07",1,0,0,0,0,"U","1"
"89","1960-08",1,0,0,0,0,"U","1"
"90","1960-09",1,0,0,0,0,"U","1"
"91","1960-10",1,0,0,0,0,"U","1"
"92","1960-11",1,0,0,0,0,"U","1"
"93","1960-12",1,0,0,0,0,"U","1"
"94","1961-01",1,0,0,0,0,"U","1"
"95","1961-02",1,0,0,0,0,"U","1"
"96","1961-03",1,0,0,0,0,"U","1"
"97","1961-04",1,0,0,0,0,"U","1"
"98","1961-05",1,0,0,0,0,"U","1"
"99","1961-06",1,0,0,0,0,"U","1"
"100","1961-07",1,0,0,0,0,"U","1"
"101","1961-08",1,0,0,0,0,"U","1"
"102","1961-09",1,0,0,0,0,"U","1"
"103","1961-10",1,0,0,0,0,"U","1"
"104","1961-11",1,0,0,0,0,"U","1"
"105","1961-12",1,0,0,0,0,"U","1"
"106","1962-01",1,0,0,0,0,"U","1"
"107","1962-02",1,0,0,0,0,"U","1"
"108","1962-03",1,0,0,0,0,"U","1"
"109","1962-04",1,0,0,0,0,"U","1"
"110","1962-05",1,0,0,0,0,"U","1"
"111","1962-06",1,0,0,0,0,"U","1"
"112","1962-07",1,0,0,0,0,"U","1"
"113","1962-08",1,0,0,0,0,"U","1"
"114","1962-09",1,0,0,0,0,"U","1"
"115","1962-10",1,0,0,0,0,"U","1"
"116","1962-11",1,0,0,0,0,"U","1"
"117","1962-12",1,0,0,0,0,"U","1"
"118","1963-01",1,0,0,0,0,"U","1"
"119","1963-02",1,0,0,0,0,"U","1"
"120","1963-03",1,0,0,0,0,"U","1"
"121","1963-04",1,0,0,0,0,"U","1"
"122","1963-05",1,0,0,0,0,"U","1"
"123","1963-06",1,0,0,0,0,"U","1"
"124","1963-07",1,0,0,0,0,"U","1"
"125","1963-08",1,0,0,0,0,"U","1"
"126","1963-09",1,0,0,0,0,"U","1"
"127","1963-10",1,0,0,0,0,"U","1"
"128","1963-11",1,0,0,0,0,"U","1"
"129","1963-12",1,0,0,0,0,"U","1"
"130","1964-01",1,0,0,0,0,"U","1"
"131","1964-02",1,0,0,0,0,"U","1"
"132","1964-03",1,0,0,0,0,"U","1"
"133","1964-04",1,0,0,0,0,"U","1"
"134","1964-05",1,0,0,0,0,"U","1"
"135","1964-06",1,0,0,0,0,"U","1"
"136","1964-07",1,0,0,0,0,"U","1"
"137","1964-08",1,0,0,0,0,"U","1"
"138","1964-09",1,0,0,0,0,"U","1"
"139","1964-10",1,0,0,0,0,"U","1"
"140","1964-11",1,0,0,0,0,"U","1"
"141","1964-12",0,0,1,0,0,"F","5"
"142","1965-01",1,0,0,0,0,"U","1"
"143","1965-02",0,0,1,0,0,"F","5"
"144","1965-03",0,0,1,0,0,"F","5"
"145","1965-04",0,0,1,0,0,"F","5"
"146","1965-05",1,0,0,0,0,"U","1"
"147","1965-06",1,0,0,0,0,"U","1"
"148","1965-07",1,0,0,0,0,"U","1"
"149","1965-08",1,0,0,0,0,"U","1"
"150","1965-09",0,0,1,0,0,"F","5"
"151","1965-10",0,0,1,0,0,"F","5"
"152","1965-11",0,0,1,0,0,"F","5"
"153","1965-12",0,1,0,0,0,"H","2"
"154","1966-01",0,1,0,0,0,"H","2"
"155","1966-02",0,1,0,0,0,"H","2"
"156","1966-03",0,0,0,1,0,"D","3"
"157","1966-04",0,0,0,1,0,"D","3"
"158","1966-05",0,1,0,0,0,"H","2"
"159","1966-06",0,1,0,0,0,"H","2"
"160","1966-07",0,1,0,0,0,"H","2"
"161","1966-08",0,1,0,0,0,"H","2"
"162","1966-09",0,0,0,1,0,"D","3"
"163","1966-10",0,0,0,1,0,"D","3"
"164","1966-11",0,0,0,1,0,"D","3"
"165","1966-12",0,0,0,1,0,"D","3"
"166","1967-01",0,0,0,1,0,"D","3"
"167","1967-02",0,1,0,0,0,"H","2"
"168","1967-03",1,0,0,0,0,"U","1"
"169","1967-04",1,0,0,0,0,"U","1"
"170","1967-05",1,0,0,0,0,"U","1"
"171","1967-06",1,0,0,0,0,"U","1"
"172","1967-07",0,1,0,0,0,"H","2"
"173","1967-08",0,1,0,0,0,"H","2"
"174","1967-09",0,1,0,0,0,"H","2"
"175","1967-10",0,1,0,0,0,"H","2"
"176","1967-11",0,1,0,0,0,"H","2"
"177","1967-12",0,0,1,0,0,"F","5"
"178","1968-01",0,1,0,0,0,"H","2"
"179","1968-02",0,1,0,0,0,"H","2"
"180","1968-03",0,1,0,0,0,"H","2"
"181","1968-04",0,1,0,0,0,"H","2"
"182","1968-05",0,0,0,1,0,"D","3"
"183","1968-06",0,0,0,1,0,"D","3"
"184","1968-07",0,0,0,1,0,"D","3"
"185","1968-08",0,1,0,0,0,"H","2"
"186","1968-09",0,0,1,0,0,"F","5"
"187","1968-10",0,0,1,0,0,"F","5"
"188","1968-11",0,0,0,0,1,"B","4"
"189","1968-12",0,0,0,1,0,"D","3"
"190","1969-01",0,0,0,1,0,"D","3"
"191","1969-02",0,0,0,1,0,"D","3"
"192","1969-03",0,1,0,0,0,"H","2"
"193","1969-04",0,1,0,0,0,"H","2"
"194","1969-05",0,1,0,0,0,"H","2"
"195","1969-06",0,0,0,1,0,"D","3"
"196","1969-07",0,0,0,1,0,"D","3"
"197","1969-08",0,0,0,1,0,"D","3"
"198","1969-09",0,0,0,1,0,"D","3"
"199","1969-10",0,0,0,1,0,"D","3"
"200","1969-11",0,0,0,1,0,"D","3"
"201","1969-12",0,0,0,1,0,"D","3"
"202","1970-01",0,0,0,1,0,"D","3"
"203","1970-02",0,1,0,0,0,"H","2"
"204","1970-03",0,1,0,0,0,"H","2"
"205","1970-04",0,1,0,0,0,"H","2"
"206","1970-05",0,1,0,0,0,"H","2"
"207","1970-06",0,1,0,0,0,"H","2"
"208","1970-07",0,1,0,0,0,"H","2"
"209","1970-08",0,1,0,0,0,"H","2"
"210","1970-09",0,1,0,0,0,"H","2"
"211","1970-10",0,1,0,0,0,"H","2"
"212","1970-11",1,0,0,0,0,"U","1"
"213","1970-12",1,0,0,0,0,"U","1"
"214","1971-01",1,0,0,0,0,"U","1"
"215","1971-02",1,0,0,0,0,"U","1"
"216","1971-03",1,0,0,0,0,"U","1"
"217","1971-04",1,0,0,0,0,"U","1"
"218","1971-05",1,0,0,0,0,"U","1"
"219","1971-06",0,1,0,0,0,"H","2"
"220","1971-07",0,1,0,0,0,"H","2"
"221","1971-08",0,1,0,0,0,"H","2"
"222","1971-09",1,0,0,0,0,"U","1"
"223","1971-10",1,0,0,0,0,"U","1"
"224","1971-11",1,0,0,0,0,"U","1"
"225","1971-12",1,0,0,0,0,"U","1"
"226","1972-01",1,0,0,0,0,"U","1"
"227","1972-02",1,0,0,0,0,"U","1"
"228","1972-03",1,0,0,0,0,"U","1"
"229","1972-04",1,0,0,0,0,"U","1"
"230","1972-05",1,0,0,0,0,"U","1"
"231","1972-06",1,0,0,0,0,"U","1"
"232","1972-07",1,0,0,0,0,"U","1"
"233","1972-08",1,0,0,0,0,"U","1"
"234","1972-09",1,0,0,0,0,"U","1"
"235","1972-10",1,0,0,0,0,"U","1"
"236","1972-11",0,1,0,0,0,"H","2"
"237","1972-12",1,0,0,0,0,"U","1"
"238","1973-01",1,0,0,0,0,"U","1"
"239","1973-02",1,0,0,0,0,"U","1"
"240","1973-03",0,0,1,0,0,"F","5"
"241","1973-04",0,0,0,0,1,"B","4"
"242","1973-05",0,0,1,0,0,"F","5"
"243","1973-06",0,0,0,0,1,"B","4"
"244","1973-07",0,0,0,1,0,"D","3"
"245","1973-08",0,0,0,1,0,"D","3"
"246","1973-09",0,0,0,0,1,"B","4"
"247","1973-10",0,0,0,0,1,"B","4"
"248","1973-11",0,0,0,0,1,"B","4"
"249","1973-12",0,0,0,0,1,"B","4"
"250","1974-01",0,0,0,0,1,"B","4"
"251","1974-02",0,0,0,0,1,"B","4"
"252","1974-03",0,0,0,0,1,"B","4"
"253","1974-04",0,0,0,1,0,"D","3"
"254","1974-05",0,0,0,1,0,"D","3"
"255","1974-06",0,0,0,1,0,"D","3"
"256","1974-07",0,0,0,1,0,"D","3"
"257","1974-08",0,0,0,1,0,"D","3"
"258","1974-09",0,0,0,1,0,"D","3"
"259","1974-10",0,0,0,0,1,"B","4"
"260","1974-11",0,0,0,0,1,"B","4"
"261","1974-12",1,0,0,0,0,"U","1"
"262","1975-01",1,0,0,0,0,"U","1"
"263","1975-02",1,0,0,0,0,"U","1"
"264","1975-03",1,0,0,0,0,"U","1"
"265","1975-04",1,0,0,0,0,"U","1"
"266","1975-05",1,0,0,0,0,"U","1"
"267","1975-06",1,0,0,0,0,"U","1"
"268","1975-07",1,0,0,0,0,"U","1"
"269","1975-08",1,0,0,0,0,"U","1"
"270","1975-09",1,0,0,0,0,"U","1"
"271","1975-10",1,0,0,0,0,"U","1"
"272","1975-11",1,0,0,0,0,"U","1"
"273","1975-12",1,0,0,0,0,"U","1"
"274","1976-01",1,0,0,0,0,"U","1"
"275","1976-02",1,0,0,0,0,"U","1"
"276","1976-03",1,0,0,0,0,"U","1"
"277","1976-04",1,0,0,0,0,"U","1"
"278","1976-05",1,0,0,0,0,"U","1"
"279","1976-06",1,0,0,0,0,"U","1"
"280","1976-07",1,0,0,0,0,"U","1"
"281","1976-08",1,0,0,0,0,"U","1"
"282","1976-09",1,0,0,0,0,"U","1"
"283","1976-10",1,0,0,0,0,"U","1"
"284","1976-11",1,0,0,0,0,"U","1"
"285","1976-12",1,0,0,0,0,"U","1"
"286","1977-01",1,0,0,0,0,"U","1"
"287","1977-02",1,0,0,0,0,"U","1"
"288","1977-03",1,0,0,0,0,"U","1"
"289","1977-04",1,0,0,0,0,"U","1"
"290","1977-05",1,0,0,0,0,"U","1"
"291","1977-06",1,0,0,0,0,"U","1"
"292","1977-07",1,0,0,0,0,"U","1"
"293","1977-08",1,0,0,0,0,"U","1"
"294","1977-09",1,0,0,0,0,"U","1"
"295","1977-10",1,0,0,0,0,"U","1"
"296","1977-11",1,0,0,0,0,"U","1"
"297","1977-12",1,0,0,0,0,"U","1"
"298","1978-01",1,0,0,0,0,"U","1"
"299","1978-02",1,0,0,0,0,"U","1"
"300","1978-03",1,0,0,0,0,"U","1"
"301","1978-04",1,0,0,0,0,"U","1"
"302","1978-05",1,0,0,0,0,"U","1"
"303","1978-06",1,0,0,0,0,"U","1"
"304","1978-07",1,0,0,0,0,"U","1"
"305","1978-08",0,0,1,0,0,"F","5"
"306","1978-09",0,0,0,1,0,"D","3"
"307","1978-10",0,0,0,1,0,"D","3"
"308","1978-11",0,0,0,1,0,"D","3"
"309","1978-12",0,0,0,1,0,"D","3"
"310","1979-01",0,0,0,1,0,"D","3"
"311","1979-02",0,0,0,1,0,"D","3"
"312","1979-03",0,0,0,1,0,"D","3"
"313","1979-04",0,0,0,1,0,"D","3"
"314","1979-05",0,0,0,1,0,"D","3"
"315","1979-06",0,0,0,1,0,"D","3"
"316","1979-07",0,0,0,1,0,"D","3"
"317","1979-08",0,0,0,1,0,"D","3"
"318","1979-09",0,0,0,1,0,"D","3"
"319","1979-10",0,0,0,1,0,"D","3"
"320","1979-11",0,0,0,1,0,"D","3"
"321","1979-12",0,0,0,1,0,"D","3"
"322","1980-01",0,0,0,1,0,"D","3"
"323","1980-02",0,0,0,1,0,"D","3"
"324","1980-03",0,0,0,1,0,"D","3"
"325","1980-04",0,0,0,1,0,"D","3"
"326","1980-05",1,0,0,0,0,"U","1"
"327","1980-06",1,0,0,0,0,"U","1"
"328","1980-07",1,0,0,0,0,"U","1"
"329","1980-08",1,0,0,0,0,"U","1"
"330","1980-09",0,1,0,0,0,"H","2"
"331","1980-10",0,0,0,1,0,"D","3"
"332","1980-11",0,0,0,1,0,"D","3"
"333","1980-12",0,0,0,1,0,"D","3"
"334","1981-01",0,0,0,1,0,"D","3"
"335","1981-02",0,0,0,1,0,"D","3"
"336","1981-03",0,0,0,1,0,"D","3"
"337","1981-04",0,0,0,1,0,"D","3"
"338","1981-05",0,0,0,1,0,"D","3"
"339","1981-06",0,0,0,1,0,"D","3"
"340","1981-07",0,0,0,1,0,"D","3"
"341","1981-08",0,0,0,1,0,"D","3"
"342","1981-09",0,0,0,1,0,"D","3"
"343","1981-10",0,1,0,0,0,"H","2"
"344","1981-11",1,0,0,0,0,"U","1"
"345","1981-12",1,0,0,0,0,"U","1"
"346","1982-01",0,1,0,0,0,"H","2"
"347","1982-02",0,1,0,0,0,"H","2"
"348","1982-03",0,1,0,0,0,"H","2"
"349","1982-04",0,1,0,0,0,"H","2"
"350","1982-05",0,1,0,0,0,"H","2"
"351","1982-06",0,1,0,0,0,"H","2"
"352","1982-07",0,1,0,0,0,"H","2"
"353","1982-08",1,0,0,0,0,"U","1"
"354","1982-09",1,0,0,0,0,"U","1"
"355","1982-10",1,0,0,0,0,"U","1"
"356","1982-11",1,0,0,0,0,"U","1"
"357","1982-12",1,0,0,0,0,"U","1"
"358","1983-01",1,0,0,0,0,"U","1"
"359","1983-02",1,0,0,0,0,"U","1"
"360","1983-03",1,0,0,0,0,"U","1"
"361","1983-04",1,0,0,0,0,"U","1"
"362","1983-05",1,0,0,0,0,"U","1"
"363","1983-06",1,0,0,0,0,"U","1"
"364","1983-07",1,0,0,0,0,"U","1"
"365","1983-08",1,0,0,0,0,"U","1"
"366","1983-09",1,0,0,0,0,"U","1"
"367","1983-10",1,0,0,0,0,"U","1"
"368","1983-11",1,0,0,0,0,"U","1"
"369","1983-12",1,0,0,0,0,"U","1"
"370","1984-01",1,0,0,0,0,"U","1"
"371","1984-02",1,0,0,0,0,"U","1"
"372","1984-03",1,0,0,0,0,"U","1"
"373","1984-04",1,0,0,0,0,"U","1"
"374","1984-05",1,0,0,0,0,"U","1"
"375","1984-06",1,0,0,0,0,"U","1"
"376","1984-07",1,0,0,0,0,"U","1"
"377","1984-08",1,0,0,0,0,"U","1"
"378","1984-09",0,1,0,0,0,"H","2"
"379","1984-10",1,0,0,0,0,"U","1"
"380","1984-11",1,0,0,0,0,"U","1"
"381","1984-12",1,0,0,0,0,"U","1"
"382","1985-01",1,0,0,0,0,"U","1"
"383","1985-02",1,0,0,0,0,"U","1"
"384","1985-03",1,0,0,0,0,"U","1"
"385","1985-04",1,0,0,0,0,"U","1"
"386","1985-05",1,0,0,0,0,"U","1"
"387","1985-06",1,0,0,0,0,"U","1"
"388","1985-07",1,0,0,0,0,"U","1"
"389","1985-08",1,0,0,0,0,"U","1"
"390","1985-09",1,0,0,0,0,"U","1"
"391","1985-10",1,0,0,0,0,"U","1"
"392","1985-11",1,0,0,0,0,"U","1"
"393","1985-12",1,0,0,0,0,"U","1"
"394","1986-01",1,0,0,0,0,"U","1"
"395","1986-02",1,0,0,0,0,"U","1"
"396","1986-03",1,0,0,0,0,"U","1"
"397","1986-04",1,0,0,0,0,"U","1"
"398","1986-05",1,0,0,0,0,"U","1"
"399","1986-06",1,0,0,0,0,"U","1"
"400","1986-07",1,0,0,0,0,"U","1"
"401","1986-08",1,0,0,0,0,"U","1"
"402","1986-09",1,0,0,0,0,"U","1"
"403","1986-10",1,0,0,0,0,"U","1"
"404","1986-11",1,0,0,0,0,"U","1"
"405","1986-12",1,0,0,0,0,"U","1"
"406","1987-01",1,0,0,0,0,"U","1"
"407","1987-02",1,0,0,0,0,"U","1"
"408","1987-03",1,0,0,0,0,"U","1"
"409","1987-04",1,0,0,0,0,"U","1"
"410","1987-05",1,0,0,0,0,"U","1"
"411","1987-06",1,0,0,0,0,"U","1"
"412","1987-07",1,0,0,0,0,"U","1"
"413","1987-08",1,0,0,0,0,"U","1"
"414","1987-09",1,0,0,0,0,"U","1"
"415","1987-10",1,0,0,0,0,"U","1"
"416","1987-11",1,0,0,0,0,"U","1"
"417","1987-12",1,0,0,0,0,"U","1"
"418","1988-01",1,0,0,0,0,"U","1"
"419","1988-02",1,0,0,0,0,"U","1"
"420","1988-03",1,0,0,0,0,"U","1"
"421","1988-04",1,0,0,0,0,"U","1"
"422","1988-05",1,0,0,0,0,"U","1"
"423","1988-06",1,0,0,0,0,"U","1"
"424","1988-07",1,0,0,0,0,"U","1"
"425","1988-08",1,0,0,0,0,"U","1"
"426","1988-09",1,0,0,0,0,"U","1"
"427","1988-10",1,0,0,0,0,"U","1"
"428","1988-11",1,0,0,0,0,"U","1"
"429","1988-12",0,1,0,0,0,"H","2"
"430","1989-01",0,1,0,0,0,"H","2"
"431","1989-02",0,1,0,0,0,"H","2"
"432","1989-03",0,1,0,0,0,"H","2"
"433","1989-04",0,1,0,0,0,"H","2"
"434","1989-05",0,1,0,0,0,"H","2"
"435","1989-06",0,0,1,0,0,"F","5"
"436","1989-07",0,0,0,0,1,"B","4"
"437","1989-08",0,0,1,0,0,"F","5"
"438","1989-09",0,1,0,0,0,"H","2"
"439","1989-10",0,0,1,0,0,"F","5"
"440","1989-11",0,0,1,0,0,"F","5"
"441","1989-12",0,0,1,0,0,"F","5"
"442","1990-01",1,0,0,0,0,"U","1"
"443","1990-02",1,0,0,0,0,"U","1"
"444","1990-03",0,1,0,0,0,"H","2"
"445","1990-04",1,0,0,0,0,"U","1"
"446","1990-05",1,0,0,0,0,"U","1"
"447","1990-06",1,0,0,0,0,"U","1"
"448","1990-07",1,0,0,0,0,"U","1"
"449","1990-08",1,0,0,0,0,"U","1"
"450","1990-09",1,0,0,0,0,"U","1"
"451","1990-10",1,0,0,0,0,"U","1"
"452","1990-11",1,0,0,0,0,"U","1"
"453","1990-12",1,0,0,0,0,"U","1"
"454","1991-01",1,0,0,0,0,"U","1"
"455","1991-02",1,0,0,0,0,"U","1"
"456","1991-03",1,0,0,0,0,"U","1"
"457","1991-04",1,0,0,0,0,"U","1"
"458","1991-05",1,0,0,0,0,"U","1"
"459","1991-06",1,0,0,0,0,"U","1"
"460","1991-07",1,0,0,0,0,"U","1"
"461","1991-08",1,0,0,0,0,"U","1"
"462","1991-09",1,0,0,0,0,"U","1"
"463","1991-10",1,0,0,0,0,"U","1"
"464","1991-11",1,0,0,0,0,"U","1"
"465","1991-12",1,0,0,0,0,"U","1"
"466","1992-01",1,0,0,0,0,"U","1"
"467","1992-02",1,0,0,0,0,"U","1"
"468","1992-03",1,0,0,0,0,"U","1"
"469","1992-04",1,0,0,0,0,"U","1"
"470","1992-05",1,0,0,0,0,"U","1"
"471","1992-06",1,0,0,0,0,"U","1"
"472","1992-07",1,0,0,0,0,"U","1"
"473","1992-08",1,0,0,0,0,"U","1"
"474","1992-09",1,0,0,0,0,"U","1"
"475","1992-10",1,0,0,0,0,"U","1"
"476","1992-11",1,0,0,0,0,"U","1"
"477","1992-12",1,0,0,0,0,"U","1"
"478","1993-01",1,0,0,0,0,"U","1"
"479","1993-02",1,0,0,0,0,"U","1"
"480","1993-03",1,0,0,0,0,"U","1"
"481","1993-04",1,0,0,0,0,"U","1"
"482","1993-05",1,0,0,0,0,"U","1"
"483","1993-06",1,0,0,0,0,"U","1"
"484","1993-07",1,0,0,0,0,"U","1"
"485","1993-08",1,0,0,0,0,"U","1"
"486","1993-09",1,0,0,0,0,"U","1"
"487","1993-10",1,0,0,0,0,"U","1"
"488","1993-11",1,0,0,0,0,"U","1"
"489","1993-12",1,0,0,0,0,"U","1"
"490","1994-01",1,0,0,0,0,"U","1"
"491","1994-02",1,0,0,0,0,"U","1"
"492","1994-03",1,0,0,0,0,"U","1"
"493","1994-04",1,0,0,0,0,"U","1"
"494","1994-05",1,0,0,0,0,"U","1"
"495","1994-06",1,0,0,0,0,"U","1"
"496","1994-07",1,0,0,0,0,"U","1"
"497","1994-08",1,0,0,0,0,"U","1"
"498","1994-09",1,0,0,0,0,"U","1"
"499","1994-10",1,0,0,0,0,"U","1"
"500","1994-11",1,0,0,0,0,"U","1"
"501","1994-12",1,0,0,0,0,"U","1"
"502","1995-01",1,0,0,0,0,"U","1"
"503","1995-02",1,0,0,0,0,"U","1"
"504","1995-03",1,0,0,0,0,"U","1"
"505","1995-04",1,0,0,0,0,"U","1"
"506","1995-05",1,0,0,0,0,"U","1"
"507","1995-06",1,0,0,0,0,"U","1"
"508","1995-07",1,0,0,0,0,"U","1"
"509","1995-08",1,0,0,0,0,"U","1"
"510","1995-09",1,0,0,0,0,"U","1"
"511","1995-10",1,0,0,0,0,"U","1"
"512","1995-11",1,0,0,0,0,"U","1"
"513","1995-12",1,0,0,0,0,"U","1"
"514","1996-01",1,0,0,0,0,"U","1"
"515","1996-02",1,0,0,0,0,"U","1"
"516","1996-03",1,0,0,0,0,"U","1"
"517","1996-04",1,0,0,0,0,"U","1"
"518","1996-05",1,0,0,0,0,"U","1"
"519","1996-06",1,0,0,0,0,"U","1"
"520","1996-07",1,0,0,0,0,"U","1"
"521","1996-08",1,0,0,0,0,"U","1"
"522","1996-09",1,0,0,0,0,"U","1"
"523","1996-10",1,0,0,0,0,"U","1"
"524","1996-11",1,0,0,0,0,"U","1"
"525","1996-12",1,0,0,0,0,"U","1"
"526","1997-01",1,0,0,0,0,"U","1"
"527","1997-02",1,0,0,0,0,"U","1"
"528","1997-03",1,0,0,0,0,"U","1"
"529","1997-04",1,0,0,0,0,"U","1"
"530","1997-05",1,0,0,0,0,"U","1"
"531","1997-06",1,0,0,0,0,"U","1"
"532","1997-07",1,0,0,0,0,"U","1"
"533","1997-08",1,0,0,0,0,"U","1"
"534","1997-09",1,0,0,0,0,"U","1"
"535","1997-10",1,0,0,0,0,"U","1"
"536","1997-11",1,0,0,0,0,"U","1"
"537","1997-12",1,0,0,0,0,"U","1"
"538","1998-01",1,0,0,0,0,"U","1"
"539","1998-02",1,0,0,0,0,"U","1"
"540","1998-03",1,0,0,0,0,"U","1"
"541","1998-04",1,0,0,0,0,"U","1"
"542","1998-05",1,0,0,0,0,"U","1"
"543","1998-06",1,0,0,0,0,"U","1"
"544","1998-07",1,0,0,0,0,"U","1"
"545","1998-08",1,0,0,0,0,"U","1"
"546","1998-09",0,0,0,0,1,"B","4"
"547","1998-10",1,0,0,0,0,"U","1"
"548","1998-11",1,0,0,0,0,"U","1"
"549","1998-12",0,0,0,0,1,"B","4"
"550","1999-01",1,0,0,0,0,"U","1"
"551","1999-02",1,0,0,0,0,"U","1"
"552","1999-03",1,0,0,0,0,"U","1"
"553","1999-04",1,0,0,0,0,"U","1"
"554","1999-05",1,0,0,0,0,"U","1"
"555","1999-06",1,0,0,0,0,"U","1"
"556","1999-07",1,0,0,0,0,"U","1"
"557","1999-08",1,0,0,0,0,"U","1"
"558","1999-09",1,0,0,0,0,"U","1"
"559","1999-10",1,0,0,0,0,"U","1"
"560","1999-11",1,0,0,0,0,"U","1"
"561","1999-12",1,0,0,0,0,"U","1"
"562","2000-01",1,0,0,0,0,"U","1"
"563","2000-02",0,1,0,0,0,"H","2"
"564","2000-03",0,1,0,0,0,"H","2"
"565","2000-04",0,1,0,0,0,"H","2"
"566","2000-05",0,1,0,0,0,"H","2"
"567","2000-06",0,1,0,0,0,"H","2"
"568","2000-07",0,1,0,0,0,"H","2"
"569","2000-08",0,0,0,1,0,"D","3"
"570","2000-09",0,0,0,1,0,"D","3"
"571","2000-10",0,0,0,0,1,"B","4"
"572","2000-11",0,0,0,0,1,"B","4"
"573","2000-12",0,0,0,0,1,"B","4"
"574","2001-01",0,0,0,0,1,"B","4"
"575","2001-02",0,0,0,0,1,"B","4"
"576","2001-03",1,0,0,0,0,"U","1"
"577","2001-04",1,0,0,0,0,"U","1"
"578","2001-05",1,0,0,0,0,"U","1"
"579","2001-06",1,0,0,0,0,"U","1"
"580","2001-07",1,0,0,0,0,"U","1"
"581","2001-08",1,0,0,0,0,"U","1"
"582","2001-09",1,0,0,0,0,"U","1"
"583","2001-10",1,0,0,0,0,"U","1"
"584","2001-11",1,0,0,0,0,"U","1"
"585","2001-12",1,0,0,0,0,"U","1"
"586","2002-01",1,0,0,0,0,"U","1"
"587","2002-02",1,0,0,0,0,"U","1"
"588","2002-03",1,0,0,0,0,"U","1"
"589","2002-04",1,0,0,0,0,"U","1"
"590","2002-05",1,0,0,0,0,"U","1"
"591","2002-06",1,0,0,0,0,"U","1"
"592","2002-07",1,0,0,0,0,"U","1"
"593","2002-08",1,0,0,0,0,"U","1"
"594","2002-09",1,0,0,0,0,"U","1"
"595","2002-10",1,0,0,0,0,"U","1"
"596","2002-11",1,0,0,0,0,"U","1"
"597","2002-12",1,0,0,0,0,"U","1"
"598","2003-01",1,0,0,0,0,"U","1"
"599","2003-02",1,0,0,0,0,"U","1"
"600","2003-03",1,0,0,0,0,"U","1"
"601","2003-04",1,0,0,0,0,"U","1"
"602","2003-05",1,0,0,0,0,"U","1"
"603","2003-06",1,0,0,0,0,"U","1"
"604","2003-07",1,0,0,0,0,"U","1"
"605","2003-08",1,0,0,0,0,"U","1"
"606","2003-09",1,0,0,0,0,"U","1"
"607","2003-10",1,0,0,0,0,"U","1"
"608","2003-11",1,0,0,0,0,"U","1"
"609","2003-12",1,0,0,0,0,"U","1"
"610","2004-01",1,0,0,0,0,"U","1"
"611","2004-02",1,0,0,0,0,"U","1"
"612","2004-03",1,0,0,0,0,"U","1"
"613","2004-04",1,0,0,0,0,"U","1"
"614","2004-05",1,0,0,0,0,"U","1"
"615","2004-06",1,0,0,0,0,"U","1"
"616","2004-07",1,0,0,0,0,"U","1"
"617","2004-08",1,0,0,0,0,"U","1"
"618","2004-09",1,0,0,0,0,"U","1"
"619","2004-10",1,0,0,0,0,"U","1"
"620","2004-11",1,0,0,0,0,"U","1"
"621","2004-12",1,0,0,0,0,"U","1"
"622","2005-01",1,0,0,0,0,"U","1"
"623","2005-02",1,0,0,0,0,"U","1"
"624","2005-03",1,0,0,0,0,"U","1"
"625","2005-04",1,0,0,0,0,"U","1"
"626","2005-05",1,0,0,0,0,"U","1"
"627","2005-06",1,0,0,0,0,"U","1"
"628","2005-07",1,0,0,0,0,"U","1"
"629","2005-08",1,0,0,0,0,"U","1"
"630","2005-09",1,0,0,0,0,"U","1"
"631","2005-10",1,0,0,0,0,"U","1"
"632","2005-11",1,0,0,0,0,"U","1"
"633","2005-12",1,0,0,0,0,"U","1"
"634","2006-01",1,0,0,0,0,"U","1"
"635","2006-02",0,0,1,0,0,"F","5"
"636","2006-03",0,0,1,0,0,"F","5"
"637","2006-04",1,0,0,0,0,"U","1"
"638","2006-05",1,0,0,0,0,"U","1"
"639","2006-06",0,0,1,0,0,"F","5"
"640","2006-07",0,0,1,0,0,"F","5"
"641","2006-08",0,0,0,0,1,"B","4"
"642","2006-09",0,0,0,0,1,"B","4"
"643","2006-10",0,0,0,0,1,"B","4"
"644","2006-11",0,0,0,0,1,"B","4"
"645","2006-12",0,0,0,0,1,"B","4"
"646","2007-01",0,0,0,0,1,"B","4"
"647","2007-02",0,0,0,0,1,"B","4"
"648","2007-03",0,0,0,0,1,"B","4"
"649","2007-04",0,0,0,0,1,"B","4"
"650","2007-05",0,0,0,0,1,"B","4"
"651","2007-06",1,0,0,0,0,"U","1"
"652","2007-07",0,0,0,0,1,"B","4"
"653","2007-08",1,0,0,0,0,"U","1"
"654","2007-09",1,0,0,0,0,"U","1"
"655","2007-10",1,0,0,0,0,"U","1"
"656","2007-11",1,0,0,0,0,"U","1"
"657","2007-12",1,0,0,0,0,"U","1"
"658","2008-01",1,0,0,0,0,"U","1"
"659","2008-02",1,0,0,0,0,"U","1"
"660","2008-03",1,0,0,0,0,"U","1"
"661","2008-04",1,0,0,0,0,"U","1"
"662","2008-05",1,0,0,0,0,"U","1"
"663","2008-06",1,0,0,0,0,"U","1"
"664","2008-07",1,0,0,0,0,"U","1"
"665","2008-08",1,0,0,0,0,"U","1"
"666","2008-09",1,0,0,0,0,"U","1"
"667","2008-10",1,0,0,0,0,"U","1"
"668","2008-11",1,0,0,0,0,"U","1"
"669","2008-12",1,0,0,0,0,"U","1"
"670","2009-01",1,0,0,0,0,"U","1"
"671","2009-02",1,0,0,0,0,"U","1"
"672","2009-03",1,0,0,0,0,"U","1"
"673","2009-04",1,0,0,0,0,"U","1"
"674","2009-05",1,0,0,0,0,"U","1"
"675","2009-06",1,0,0,0,0,"U","1"
"676","2009-07",1,0,0,0,0,"U","1"
"677","2009-08",1,0,0,0,0,"U","1"
"678","2009-09",1,0,0,0,0,"U","1"
"679","2009-10",1,0,0,0,0,"U","1"
"680","2009-11",1,0,0,0,0,"U","1"
"681","2009-12",1,0,0,0,0,"U","1"
"682","2010-01",1,0,0,0,0,"U","1"
"683","2010-02",1,0,0,0,0,"U","1"
"684","2010-03",1,0,0,0,0,"U","1"
"685","2010-04",1,0,0,0,0,"U","1"
"686","2010-05",1,0,0,0,0,"U","1"
"687","2010-06",1,0,0,0,0,"U","1"
"688","2010-07",1,0,0,0,0,"U","1"
"689","2010-08",1,0,0,0,0,"U","1"
"690","2010-09",1,0,0,0,0,"U","1"
"691","2010-10",1,0,0,0,0,"U","1"
"692","2010-11",1,0,0,0,0,"U","1"
"693","2010-12",1,0,0,0,0,"U","1"
"694","2011-01",1,0,0,0,0,"U","1"
"695","2011-02",1,0,0,0,0,"U","1"
"696","2011-03",1,0,0,0,0,"U","1"
"697","2011-04",1,0,0,0,0,"U","1"
"698","2011-05",1,0,0,0,0,"U","1"
"699","2011-06",1,0,0,0,0,"U","1"
"700","2011-07",1,0,0,0,0,"U","1"
"701","2011-08",1,0,0,0,0,"U","1"
"702","2011-09",1,0,0,0,0,"U","1"
"703","2011-10",1,0,0,0,0,"U","1"
"704","2011-11",1,0,0,0,0,"U","1"
"705","2011-12",1,0,0,0,0,"U","1"
"706","2012-01",1,0,0,0,0,"U","1"
"707","2012-02",1,0,0,0,0,"U","1"
"708","2012-03",1,0,0,0,0,"U","1"
"709","2012-04",1,0,0,0,0,"U","1"
"710","2012-05",1,0,0,0,0,"U","1"
"711","2012-06",1,0,0,0,0,"U","1"
"712","2012-07",1,0,0,0,0,"U","1"
"713","2012-08",1,0,0,0,0,"U","1"
"714","2012-09",1,0,0,0,0,"U","1"
"715","2012-10",1,0,0,0,0,"U","1"
"716","2012-11",1,0,0,0,0,"U","1"
"717","2012-12",1,0,0,0,0,"U","1"
"718","2013-01",1,0,0,0,0,"U","1"
"719","2013-02",1,0,0,0,0,"U","1"
"720","2013-03",1,0,0,0,0,"U","1"
"721","2013-04",1,0,0,0,0,"U","1"
"722","2013-05",1,0,0,0,0,"U","1"
"723","2013-06",1,0,0,0,0,"U","1"
"724","2013-07",1,0,0,0,0,"U","1"
"725","2013-08",1,0,0,0,0,"U","1"
"726","2013-09",1,0,0,0,0,"U","1"
"727","2013-10",1,0,0,0,0,"U","1"
"728","2013-11",1,0,0,0,0,"U","1"
"729","2013-12",1,0,0,0,0,"U","1"
"730","2014-01",1,0,0,0,0,"U","1"
"731","2014-02",1,0,0,0,0,"U","1"
"732","2014-03",1,0,0,0,0,"U","1"
"733","2014-04",1,0,0,0,0,"U","1"
"734","2014-05",1,0,0,0,0,"U","1"
"735","2014-06",1,0,0,0,0,"U","1"
"736","2014-07",1,0,0,0,0,"U","1"
"737","2014-08",1,0,0,0,0,"U","1"
"738","2014-09",1,0,0,0,0,"U","1"
"739","2014-10",1,0,0,0,0,"U","1"
"740","2014-11",1,0,0,0,0,"U","1"
"741","2014-12",1,0,0,0,0,"U","1"
"742","2015-01",1,0,0,0,0,"U","1"
"743","2015-02",1,0,0,0,0,"U","1"
"744","2015-03",1,0,0,0,0,"U","1"
"745","2015-04",1,0,0,0,0,"U","1"
"746","2015-05",1,0,0,0,0,"U","1"
"747","2015-06",1,0,0,0,0,"U","1"
"748","2015-07",1,0,0,0,0,"U","1"
"749","2015-08",1,0,0,0,0,"U","1"
"750","2015-09",1,0,0,0,0,"U","1"
"751","2015-10",1,0,0,0,0,"U","1"
"752","2015-11",1,0,0,0,0,"U","1"
"753","2015-12",1,0,0,0,0,"U","1"
"754","2016-01",1,0,0,0,0,"U","1"
"755","2016-02",1,0,0,0,0,"U","1"
"756","2016-03",1,0,0,0,0,"U","1"
"757","2016-04",1,0,0,0,0,"U","1"
"758","2016-05",1,0,0,0,0,"U","1"
"759","2016-06",1,0,0,0,0,"U","1"
"760","2016-07",1,0,0,0,0,"U","1"
"761","2016-08",1,0,0,0,0,"U","1"
"762","2016-09",1,0,0,0,0,"U","1"
"763","2016-10",1,0,0,0,0,"U","1"
"764","2016-11",1,0,0,0,0,"U","1"
"765","2016-12",1,0,0,0,0,"U","1"
"766","2017-01",1,0,0,0,0,"U","1"
"767","2017-02",1,0,0,0,0,"U","1"
"768","2017-03",1,0,0,0,0,"U","1"
"769","2017-04",1,0,0,0,0,"U","1"
"770","2017-05",1,0,0,0,0,"U","1"
"771","2017-06",1,0,0,0,0,"U","1"
"772","2017-07",1,0,0,0,0,"U","1"
"773","2017-08",1,0,0,0,0,"U","1"
"774","2017-09",1,0,0,0,0,"U","1"
"775","2017-10",1,0,0,0,0,"U","1"
"776","2017-11",1,0,0,0,0,"U","1"
"777","2017-12",1,0,0,0,0,"U","1"
"778","2018-01",1,0,0,0,0,"U","1"
"779","2018-02",1,0,0,0,0,"U","1"
"780","2018-03",1,0,0,0,0,"U","1"
"781","2018-04",1,0,0,0,0,"U","1"
"782","2018-05",1,0,0,0,0,"U","1"
"783","2018-06",1,0,0,0,0,"U","1"
"784","2018-07",1,0,0,0,0,"U","1"
"785","2018-08",1,0,0,0,0,"U","1"
"786","2018-09",1,0,0,0,0,"U","1"
"787","2018-10",1,0,0,0,0,"U","1"
"788","2018-11",1,0,0,0,0,"U","1"
"789","2018-12",1,0,0,0,0,"U","1"
"790","2019-01",1,0,0,0,0,"U","1"
"791","2019-02",1,0,0,0,0,"U","1"
"792","2019-03",0,0,0,0,1,"B","4"
"793","2019-04",0,0,0,0,1,"B","4"
"794","2019-05",0,0,0,0,1,"B","4"
"795","2019-06",0,0,0,0,1,"B","4"
"796","2019-07",0,0,0,0,1,"B","4"
"797","2019-08",0,0,0,0,1,"B","4"
"798","2019-09",0,0,0,0,1,"B","4"
"799","2019-10",0,0,0,0,1,"B","4"
"800","2019-11",1,0,0,0,0,"U","1"
"801","2019-12",1,0,0,0,0,"U","1"
"802","2020-01",1,0,0,0,0,"U","1"
"803","2020-02",0,0,0,0,1,"B","4"
"804","2020-03",1,0,0,0,0,"U","1"
"805","2020-04",1,0,0,0,0,"U","1"
"806","2020-05",1,0,0,0,0,"U","1"
"807","2020-06",1,0,0,0,0,"U","1"
"808","2020-07",1,0,0,0,0,"U","1"
"809","2020-08",1,0,0,0,0,"U","1"
"810","2020-09",1,0,0,0,0,"U","1"
"811","2020-10",1,0,0,0,0,"U","1"
"812","2020-11",1,0,0,0,0,"U","1"
"813","2020-12",1,0,0,0,0,"U","1"
